Date,GOOG,AMZN,AMD,META,INTC,AAPL,NVDA,MSFT
2020-10-22,80,158,79,278,49,113,133,209
2020-10-23,82,160,81,284,43,112,135,210
2020-10-26,79,160,82,277,42,113,131,204
2020-10-27,80,164,78,283,41,114,133,207
2020-10-28,75,158,76,267,40,109,125,197
2020-10-29,78,160,78,280,40,113,129,199
2020-10-30,81,151,75,263,40,106,125,197
2020-11-02,81,150,74,261,40,106,125,196
2020-11-03,82,152,76,265,40,108,129,200
2020-11-04,87,162,81,287,41,112,137,210
2020-11-05,88,166,83,294,41,116,141,217
2020-11-06,88,165,85,293,41,116,145,217
2020-11-09,88,157,83,278,41,114,135,212
2020-11-10,87,151,77,272,41,114,127,205
2020-11-11,87,156,81,276,42,117,133,210
2020-11-12,87,155,81,275,41,117,134,209
2020-11-13,88,156,81,276,41,117,132,210
2020-11-16,89,156,83,278,42,118,134,211
2020-11-17,88,156,83,275,41,117,133,208
2020-11-18,87,155,82,271,41,116,133,205
2020-11-19,88,155,85,272,41,116,134,207
2020-11-20,87,154,84,269,41,115,130,205
2020-11-23,86,154,85,268,42,112,131,205
2020-11-24,88,155,85,276,43,113,129,208
2020-11-25,88,159,86,275,43,114,132,208
2020-11-27,89,159,87,277,43,114,132,210
2020-11-30,88,158,92,276,44,117,133,208
2020-12-01,89,161,92,286,45,120,133,210
2020-12-02,91,160,93,287,45,121,135,210
2020-12-03,91,159,92,281,46,120,133,209
2020-12-04,91,158,94,279,47,120,135,209
2020-12-07,90,157,94,285,46,121,135,209
2020-12-08,90,158,92,283,46,122,133,210
2020-12-09,89,155,89,277,46,119,129,206
2020-12-10,88,155,91,277,46,121,129,205
2020-12-11,89,155,91,273,45,120,129,208
2020-12-14,88,157,94,274,46,119,132,209
2020-12-15,88,158,97,275,46,125,133,208
2020-12-16,88,162,96,275,46,125,132,213
2020-12-17,87,161,96,274,46,126,133,214
2020-12-18,86,160,95,276,43,124,132,213
2020-12-21,86,160,93,272,42,126,133,217
2020-12-22,86,160,93,267,42,129,132,218
2020-12-23,86,159,91,268,42,128,129,215
2020-12-24,86,158,91,267,43,129,129,217
2020-12-28,88,164,91,277,43,134,128,219
2020-12-29,87,166,90,276,45,132,129,218
2020-12-30,86,164,92,271,44,131,131,216
2020-12-31,87,162,91,273,45,130,130,217
2021-01-04,86,159,92,268,45,127,130,212
2021-01-05,87,160,92,270,46,128,133,212
2021-01-06,86,156,90,263,46,124,125,207
2021-01-07,89,158,95,268,47,128,133,213
2021-01-08,90,159,94,267,47,129,132,214
2021-01-11,88,155,97,256,47,126,135,212
2021-01-12,87,156,95,251,48,126,134,209
2021-01-13,87,158,91,251,52,128,135,211
2021-01-14,87,156,90,245,54,126,131,207
2021-01-15,86,155,88,251,52,125,128,207
2021-01-19,89,156,89,261,53,125,129,211
2021-01-20,94,163,88,267,53,129,133,218
2021-01-21,94,165,91,272,57,134,138,219
2021-01-22,95,164,92,274,52,136,136,220
2021-01-25,94,164,94,278,50,140,136,223
2021-01-26,95,166,94,282,50,140,134,226
2021-01-27,91,161,88,272,49,139,128,227
2021-01-28,93,161,87,265,51,134,130,233
2021-01-29,91,160,85,258,51,129,129,226
2021-02-01,95,167,87,262,52,131,132,233
2021-02-02,96,169,88,267,53,132,135,233
2021-02-03,103,165,87,266,53,131,135,237
2021-02-04,103,166,87,266,54,135,136,236
2021-02-05,104,167,87,268,53,134,135,236
2021-02-08,104,166,91,266,54,134,144,236
2021-02-09,104,165,90,269,54,134,142,237
2021-02-10,104,164,92,271,54,133,147,236
2021-02-11,104,163,92,270,56,133,152,238
2021-02-12,105,163,93,270,57,133,149,239
2021-02-16,106,163,91,273,57,131,152,237
2021-02-17,106,165,89,273,57,128,148,238
2021-02-18,105,166,88,269,56,127,147,238
2021-02-19,105,162,89,261,58,127,148,235
2021-02-22,103,159,85,260,56,124,143,229
2021-02-23,103,159,84,265,56,124,141,228
2021-02-24,104,157,86,264,58,123,144,229
2021-02-25,101,152,82,254,55,119,132,223
2021-02-26,101,154,84,257,56,119,136,227
2021-03-01,104,157,86,264,58,125,138,231
2021-03-02,103,154,84,259,56,123,133,228
2021-03-03,101,150,80,255,55,120,127,222
2021-03-04,102,148,77,257,53,118,123,221
2021-03-05,105,150,78,264,56,119,124,226
2021-03-08,101,147,73,255,55,114,115,222
2021-03-09,102,153,78,265,57,119,124,228
2021-03-10,102,152,77,264,57,118,124,227
2021-03-11,105,155,81,273,58,120,129,231
2021-03-12,103,154,81,268,58,119,128,230
2021-03-15,103,154,82,273,58,122,131,229
2021-03-16,104,154,82,279,59,123,132,232
2021-03-17,104,156,82,284,60,122,133,231
2021-03-18,101,151,78,278,58,118,126,225
2021-03-19,102,153,79,290,58,118,128,225
2021-03-22,101,155,80,293,60,121,131,230
2021-03-23,102,156,78,290,58,120,130,232
2021-03-24,102,154,76,282,57,118,126,230
2021-03-25,102,152,76,278,57,118,125,227
2021-03-26,101,152,77,283,59,119,128,231
2021-03-29,102,153,77,290,59,119,129,230
2021-03-30,102,152,76,288,58,118,128,226
2021-03-31,103,154,78,294,59,120,133,230
2021-04-01,106,158,81,298,59,121,137,237
2021-04-05,111,161,81,308,61,124,139,243
2021-04-06,111,161,81,306,60,124,138,242
2021-04-07,112,163,82,313,61,126,141,244
2021-04-08,113,164,83,313,62,128,142,247
2021-04-09,114,168,82,312,63,131,143,250
2021-04-12,112,168,78,311,60,129,151,250
2021-04-13,113,170,80,309,60,132,156,252
2021-04-14,112,166,78,302,59,130,152,249
2021-04-15,114,168,83,307,60,132,161,253
2021-04-16,114,169,82,306,59,132,158,255
2021-04-19,115,168,81,302,58,132,153,253
2021-04-20,114,166,79,302,57,131,151,252
2021-04-21,114,168,81,301,58,131,153,254
2021-04-22,113,165,79,296,57,130,148,251
2021-04-23,115,167,82,301,54,132,152,255
2021-04-26,116,170,85,303,54,132,154,255
2021-04-27,115,170,85,303,53,132,153,256
2021-04-28,118,172,84,307,53,131,152,248
2021-04-29,121,173,83,329,53,131,152,246
2021-04-30,120,173,81,325,53,129,149,246
2021-05-03,119,169,78,322,52,130,148,246
2021-05-04,117,165,78,318,52,125,143,242
2021-05-05,117,163,77,315,52,126,144,241
2021-05-06,119,165,77,320,53,127,144,244
2021-05-07,119,164,78,319,53,128,147,246
2021-05-10,117,159,75,305,52,125,142,241
2021-05-11,115,161,76,306,51,124,142,240
2021-05-12,111,157,74,302,49,121,137,233
2021-05-13,113,158,73,305,50,123,136,237
2021-05-14,115,161,74,315,51,125,142,242
2021-05-17,116,163,74,315,51,124,141,239
2021-05-18,115,161,74,309,51,123,139,237
2021-05-19,115,161,76,313,51,123,140,238
2021-05-20,117,162,78,318,52,125,145,241
2021-05-21,117,160,77,316,52,123,149,240
2021-05-24,120,162,77,324,52,125,155,245
2021-05-25,120,162,77,327,52,125,156,246
2021-05-26,121,163,78,327,52,125,156,246
2021-05-27,120,161,78,332,53,123,154,244
2021-05-28,120,161,80,328,53,123,162,244
2021-06-01,121,160,80,329,52,122,162,242
2021-06-02,121,161,81,329,53,123,167,242
2021-06-03,120,159,80,326,52,121,169,240
2021-06-04,122,160,81,330,53,124,175,245
2021-06-07,123,159,81,336,53,124,175,248
2021-06-08,124,163,80,333,53,125,174,247
2021-06-09,124,164,79,330,53,125,173,248
2021-06-10,126,167,81,332,53,124,173,252
2021-06-11,125,167,81,331,53,125,177,252
2021-06-14,126,169,81,336,54,128,179,254
2021-06-15,126,169,80,336,53,127,177,253
2021-06-16,125,170,80,331,53,128,177,252
2021-06-17,126,174,84,336,53,130,186,255
2021-06-18,125,174,84,329,51,128,186,254
2021-06-21,126,172,82,332,51,130,183,257
2021-06-22,126,175,83,339,51,132,188,260
2021-06-23,126,175,83,340,51,131,190,260
2021-06-24,127,172,86,343,52,131,191,261
2021-06-25,126,170,85,341,52,131,190,259
2021-06-28,126,172,87,355,53,133,199,263
2021-06-29,126,172,89,351,52,134,199,266
2021-06-30,125,172,93,347,52,135,199,265
2021-07-01,126,171,93,354,52,135,201,266
2021-07-02,128,175,94,354,52,138,204,272
2021-07-06,129,183,94,352,52,140,206,272
2021-07-07,130,184,90,350,52,142,203,274
2021-07-08,129,186,89,345,51,141,198,271
2021-07-09,129,185,90,350,52,143,200,272
2021-07-12,130,185,90,353,52,142,204,271
2021-07-13,130,183,90,352,52,143,202,275
2021-07-14,132,184,89,347,52,147,198,276
2021-07-15,131,181,86,344,51,146,189,275
2021-07-16,131,178,85,341,51,144,181,275
2021-07-19,129,177,86,336,50,140,187,271
2021-07-20,131,178,87,341,51,144,185,273
2021-07-21,132,179,89,346,52,143,193,275
2021-07-22,133,181,91,351,52,144,195,280
2021-07-23,137,182,92,369,49,146,195,283
2021-07-26,139,184,91,372,50,147,192,283
2021-07-27,136,181,91,367,49,144,191,280
2021-07-28,136,181,97,373,49,143,194,280
2021-07-29,136,179,102,358,49,143,196,280
2021-07-30,135,166,106,356,49,143,194,279
2021-08-02,135,166,108,351,49,143,197,279
2021-08-03,136,168,112,351,50,145,197,281
2021-08-04,136,167,118,358,50,145,202,280
2021-08-05,136,168,112,362,50,145,206,283
2021-08-06,137,167,110,363,50,144,203,283
2021-08-09,138,167,107,361,50,144,202,282
2021-08-10,138,166,106,361,50,143,199,280
2021-08-11,137,164,107,359,50,144,196,281
2021-08-12,138,165,106,362,50,147,198,284
2021-08-13,138,164,110,363,50,147,201,287
2021-08-16,138,164,107,366,50,149,199,288
2021-08-17,137,162,107,358,49,148,194,287
2021-08-18,136,160,103,355,48,144,190,285
2021-08-19,136,159,103,355,49,145,197,291
2021-08-20,138,159,104,359,48,146,207,298
2021-08-23,141,163,108,363,49,147,219,299
2021-08-24,142,165,107,365,50,147,217,297
2021-08-25,142,164,108,368,50,146,221,296
2021-08-26,142,165,107,364,49,145,220,293
2021-08-27,144,167,111,372,50,146,226,294
2021-08-30,145,171,111,380,50,151,226,298
2021-08-31,145,173,110,379,50,150,223,296
2021-09-01,145,173,109,382,50,150,224,296
2021-09-02,144,173,109,375,50,151,223,295
2021-09-03,144,173,109,376,50,152,228,295
2021-09-07,145,175,109,382,50,154,226,294
2021-09-08,144,176,106,377,50,153,223,294
2021-09-09,144,174,106,378,50,152,221,291
2021-09-10,141,173,105,378,50,147,224,290
2021-09-13,143,172,104,376,51,147,221,291
2021-09-14,143,172,105,376,51,146,222,294
2021-09-15,145,173,105,373,51,147,223,299
2021-09-16,144,174,106,373,51,147,222,299
2021-09-17,141,173,103,364,50,144,218,294
2021-09-20,139,167,101,355,49,141,210,289
2021-09-21,139,167,102,357,49,141,212,289
2021-09-22,140,169,104,343,50,144,219,293
2021-09-23,141,170,106,345,50,145,224,294
2021-09-24,142,171,105,352,50,145,220,294
2021-09-27,141,170,108,353,51,143,216,288
2021-09-28,136,165,101,340,50,140,206,278
2021-09-29,134,165,100,339,50,141,204,278
2021-09-30,133,164,102,339,49,139,206,276
2021-10-01,136,164,102,343,50,141,207,283
2021-10-04,133,159,100,326,50,137,197,278
2021-10-05,136,161,101,332,50,139,204,283
2021-10-06,137,163,103,333,50,140,206,287
2021-10-07,139,165,106,329,50,141,210,289
2021-10-08,140,164,105,330,50,141,208,289
2021-10-11,138,162,104,325,50,141,206,288
2021-10-12,136,162,105,323,48,139,206,287
2021-10-13,137,164,109,324,48,139,209,291
2021-10-14,141,164,111,328,50,142,217,297
2021-10-15,141,170,112,324,50,143,218,298
2021-10-18,142,172,116,335,51,144,221,301
2021-10-19,143,172,116,339,51,147,222,302
2021-10-20,142,170,116,340,51,147,220,301
2021-10-21,142,171,119,341,52,147,226,305
2021-10-22,138,166,119,324,46,146,226,303
2021-10-25,138,166,122,328,46,146,231,302
2021-10-26,139,168,122,315,45,147,246,304
2021-10-27,146,169,122,312,44,147,244,317
2021-10-28,146,172,121,316,45,150,249,318
2021-10-29,148,168,120,323,45,148,255,325
2021-11-01,143,165,125,329,46,147,257,323
2021-11-02,145,165,127,328,46,148,263,327
2021-11-03,146,169,130,331,47,149,265,328
2021-11-04,148,173,137,335,47,149,297,330
2021-11-05,149,175,136,341,48,149,297,330
2021-11-08,149,174,150,338,48,148,307,330
2021-11-09,149,178,148,335,48,149,306,329
2021-11-10,146,174,139,327,47,146,294,324
2021-11-11,146,173,146,327,47,146,303,326
2021-11-12,149,176,147,340,47,148,303,330
2021-11-15,149,177,146,347,47,148,299,330
2021-11-16,149,177,152,342,47,149,301,333
2021-11-17,149,177,151,340,47,151,292,333
2021-11-18,150,184,155,338,46,156,316,335
2021-11-19,149,183,155,345,46,158,329,337
2021-11-22,147,178,152,341,46,159,319,334
2021-11-23,146,179,149,337,46,159,317,332
2021-11-24,146,179,157,341,46,160,326,332
2021-11-26,142,175,154,333,45,155,314,324
2021-11-29,146,178,161,338,47,158,333,331
2021-11-30,142,175,158,324,46,163,326,325
2021-12-01,141,172,149,310,45,163,313,324
2021-12-02,143,171,150,310,46,162,320,324
2021-12-03,142,169,144,306,46,160,306,317
2021-12-06,143,171,139,317,48,163,299,320
2021-12-07,148,176,144,322,49,169,323,329
2021-12-08,148,176,145,330,48,173,317,329
2021-12-09,148,174,138,329,47,172,304,327
2021-12-10,148,172,138,329,47,177,301,337
2021-12-13,146,169,133,334,47,173,281,333
2021-12-14,144,169,135,333,46,172,283,323
2021-12-15,147,173,146,341,47,177,304,329
2021-12-16,144,168,138,334,47,170,283,319
2021-12-17,142,170,137,333,47,169,277,318
2021-12-20,142,167,135,325,46,168,276,314
2021-12-21,144,170,144,334,47,171,290,322
2021-12-22,146,171,143,330,48,173,293,327
2021-12-23,147,171,146,335,48,174,296,329
2021-12-27,148,169,154,346,48,178,309,336
2021-12-28,146,170,153,346,48,177,302,335
2021-12-29,146,169,148,342,48,177,299,336
2021-12-30,146,168,145,344,48,176,295,333
2021-12-31,144,166,143,336,48,175,293,330
2022-01-03,145,170,150,338,50,180,300,329
2022-01-04,144,167,144,336,50,177,292,323
2022-01-05,137,164,136,324,50,173,275,311
2022-01-06,137,163,136,332,50,170,281,308
2022-01-07,137,162,132,331,50,170,272,309
2022-01-10,138,161,132,328,52,170,273,309
2022-01-11,140,165,137,334,52,173,277,309
2022-01-12,141,165,137,333,52,173,279,313
2022-01-13,139,161,132,326,51,170,265,299
2022-01-14,139,162,136,331,52,171,269,305
2022-01-18,136,158,131,318,51,168,258,297
2022-01-19,135,156,128,319,50,164,250,298
2022-01-20,133,151,121,316,49,162,241,296
2022-01-21,130,142,118,303,49,160,233,291
2022-01-24,130,144,116,308,48,160,233,291
2022-01-25,126,139,111,300,48,158,222,283
2022-01-26,129,138,110,294,48,158,227,291
2022-01-27,129,139,102,294,45,157,219,295
2022-01-28,133,143,105,301,45,168,228,303
2022-01-31,135,149,114,313,46,173,244,306
2022-02-01,137,151,116,319,46,172,246,303
2022-02-02,148,150,122,323,46,174,252,308
2022-02-03,142,138,120,237,45,171,239,296
2022-02-04,143,157,123,237,45,170,242,301
2022-02-07,138,157,123,224,45,170,246,296
2022-02-08,139,161,128,220,46,173,250,299
2022-02-09,141,161,132,232,47,174,266,306
2022-02-10,138,159,125,228,46,170,257,297
2022-02-11,134,153,113,219,45,167,239,290
2022-02-14,135,155,114,217,45,167,242,290
2022-02-15,136,156,121,221,46,171,264,295
2022-02-16,137,158,117,216,45,171,264,295
2022-02-17,132,154,112,207,45,167,244,286
2022-02-18,130,152,113,206,42,165,236,283
2022-02-22,129,150,115,202,42,162,233,283
2022-02-23,127,144,109,198,42,158,223,276
2022-02-24,132,151,116,207,44,161,237,290
2022-02-25,134,153,121,210,45,163,241,293
2022-02-28,134,153,123,211,45,163,243,294
2022-03-01,134,151,113,203,44,161,234,290
2022-03-02,134,152,118,208,46,165,241,295
2022-03-03,134,147,111,202,45,164,236,291
2022-03-04,132,145,108,200,45,161,229,285
2022-03-07,126,137,102,187,45,157,213,275
2022-03-08,127,136,105,190,45,156,214,271
2022-03-09,133,139,111,198,45,161,229,284
2022-03-10,132,146,106,195,44,157,226,281
2022-03-11,130,145,104,187,43,153,220,276
2022-03-14,126,141,102,186,42,149,213,272
2022-03-15,129,147,109,192,42,153,229,283
2022-03-16,133,153,115,203,44,158,244,290
2022-03-17,134,157,111,207,44,159,247,291
2022-03-18,136,161,113,216,45,162,264,296
2022-03-21,136,161,115,211,45,163,267,294
2022-03-22,140,164,114,216,45,167,264,299
2022-03-23,138,163,113,213,45,168,256,295
2022-03-24,141,163,120,219,49,172,281,299
2022-03-25,141,164,119,221,49,173,276,299
2022-03-28,141,168,120,223,48,174,281,306
2022-03-29,143,169,123,229,49,177,286,311
2022-03-30,142,166,119,227,48,176,276,309
2022-03-31,139,162,109,222,47,173,272,304
2022-04-01,140,163,108,224,45,172,266,305
2022-04-04,143,168,110,233,46,176,273,310
2022-04-05,141,164,106,231,45,173,259,306
2022-04-06,137,158,103,223,45,170,243,295
2022-04-07,136,157,103,222,45,170,241,297
2022-04-08,134,154,101,222,44,168,230,292
2022-04-11,129,151,97,216,44,164,218,281
2022-04-12,128,150,95,214,44,166,214,278
2022-04-13,130,155,97,214,44,168,221,283
2022-04-14,127,151,93,210,43,163,212,275
2022-04-18,127,152,93,210,44,163,217,276
2022-04-19,130,158,96,217,45,165,221,281
2022-04-20,128,153,94,200,45,165,214,282
2022-04-21,124,148,89,188,45,164,201,276
2022-04-22,119,144,88,184,44,160,194,270
2022-04-25,123,146,90,186,44,161,198,276
2022-04-26,119,139,85,180,43,155,187,266
2022-04-27,115,138,84,174,42,155,183,279
2022-04-28,119,144,89,205,44,162,197,285
2022-04-29,114,124,85,200,41,156,185,273
2022-05-02,117,124,89,211,42,156,195,280
2022-05-03,118,124,91,212,42,158,195,277
2022-05-04,122,125,99,223,44,164,203,285
2022-05-05,116,116,93,208,42,155,188,273
2022-05-06,115,114,95,203,42,156,186,270
2022-05-09,113,108,86,196,41,150,169,260
2022-05-10,114,108,88,197,42,153,175,265
2022-05-11,113,105,87,188,41,145,166,256
2022-05-12,113,106,87,191,41,141,161,251
2022-05-13,116,113,95,198,41,146,176,257
2022-05-16,114,110,94,200,41,144,172,257
2022-05-17,116,115,102,202,42,148,181,263
2022-05-18,112,107,96,192,40,139,169,251
2022-05-19,110,107,96,191,40,136,171,250
2022-05-20,109,107,93,193,39,136,166,249
2022-05-23,111,107,95,196,40,142,168,257
2022-05-24,105,104,91,181,39,139,161,256
2022-05-25,105,106,92,183,40,139,169,259
2022-05-26,108,111,98,191,41,142,178,262
2022-05-27,112,115,102,195,42,148,187,270
2022-05-31,114,120,101,193,42,147,186,268
2022-06-01,114,121,101,188,42,147,182,269
2022-06-02,117,125,108,198,42,150,195,271
2022-06-03,114,122,106,190,41,144,186,266
2022-06-06,117,124,105,194,41,145,187,265
2022-06-07,117,123,105,195,41,147,189,269
2022-06-08,117,121,101,196,39,146,186,267
2022-06-09,114,116,98,184,38,141,180,261
2022-06-10,111,109,94,175,37,136,169,250
2022-06-13,106,103,86,164,36,130,156,239
2022-06-14,107,102,86,163,36,131,158,241
2022-06-15,110,107,89,169,37,134,165,248
2022-06-16,106,103,82,160,35,129,155,242
2022-06-17,107,106,81,163,35,130,158,244
2022-06-21,112,108,83,157,36,134,165,250
2022-06-22,112,108,83,155,35,134,163,250
2022-06-23,112,112,82,158,35,137,162,255
2022-06-24,118,116,87,170,36,140,171,264
2022-06-27,116,113,86,169,36,140,168,261
2022-06-28,112,107,80,160,36,136,159,253
2022-06-29,112,108,77,163,35,138,155,257
2022-06-30,109,106,76,161,35,135,151,253
2022-07-01,109,109,73,160,34,137,145,256
2022-07-05,113,113,75,168,35,140,149,259
2022-07-06,115,114,75,169,35,141,151,263
2022-07-07,119,116,79,172,36,145,158,265
2022-07-08,120,115,79,170,36,145,158,264
2022-07-11,116,111,76,162,35,143,151,261
2022-07-12,114,109,76,163,35,144,150,250
2022-07-13,112,110,77,163,35,144,151,249
2022-07-14,111,110,78,158,36,147,153,251
2022-07-15,112,113,81,164,36,149,157,253
2022-07-18,109,113,81,167,37,145,160,251
2022-07-19,114,118,85,175,38,149,169,256
2022-07-20,114,122,89,183,38,151,177,259
2022-07-21,115,124,91,183,38,154,180,261
2022-07-22,108,122,88,169,37,152,173,257
2022-07-25,108,121,87,166,37,151,170,255
2022-07-26,105,114,85,159,37,150,165,248
2022-07-27,113,120,89,169,38,155,177,265
2022-07-28,114,122,91,160,38,156,179,273
2022-07-29,116,134,94,159,34,161,181,277
2022-08-01,115,135,96,159,35,160,184,274
2022-08-02,115,134,99,160,34,158,185,271
2022-08-03,118,139,98,168,34,164,188,279
2022-08-04,118,142,103,170,34,164,191,280
2022-08-05,118,140,102,167,34,164,189,279
2022-08-08,118,139,100,170,34,163,177,277
2022-08-09,117,137,95,168,33,163,170,279
2022-08-10,120,142,99,178,34,168,180,285
2022-08-11,119,140,98,177,34,167,179,283
2022-08-12,122,143,100,180,34,171,186,288
2022-08-15,122,143,101,180,35,172,190,290
2022-08-16,122,144,100,179,35,172,188,289
2022-08-17,120,142,98,174,34,173,183,288
2022-08-18,120,142,100,174,35,173,187,287
2022-08-19,118,138,95,167,34,170,178,283
2022-08-22,115,133,92,163,32,166,170,275
2022-08-23,114,133,92,161,32,166,171,273
2022-08-24,114,133,92,163,32,166,172,273
2022-08-25,117,137,97,168,33,169,178,276
2022-08-26,111,130,91,161,32,162,162,265
2022-08-29,110,129,88,159,31,160,157,262
2022-08-30,109,128,86,157,31,157,154,260
2022-08-31,109,126,84,162,30,156,150,258
2022-09-01,110,127,82,165,30,157,139,257
2022-09-02,108,127,80,160,30,154,136,253
2022-09-06,107,126,78,158,29,153,134,250
2022-09-07,110,129,79,160,29,155,137,255
2022-09-08,109,129,82,162,29,153,139,256
2022-09-09,111,133,85,169,30,156,143,261
2022-09-12,111,136,84,168,30,162,144,264
2022-09-13,105,126,77,153,28,152,131,249
2022-09-14,105,128,77,151,28,154,131,249
2022-09-15,103,126,76,149,27,151,129,243
2022-09-16,103,123,76,146,28,149,131,242
2022-09-19,103,124,76,148,28,153,133,242
2022-09-20,101,122,75,146,28,155,131,240
2022-09-21,100,118,74,142,27,152,132,236
2022-09-22,100,117,69,142,27,151,125,238
2022-09-23,99,113,67,140,26,149,125,235
2022-09-26,98,115,66,136,26,149,122,235
2022-09-27,98,114,67,134,26,150,124,234
2022-09-28,100,118,68,141,26,148,127,238
2022-09-29,98,114,64,136,25,141,122,235
2022-09-30,96,113,63,135,24,137,121,230
2022-10-03,99,115,66,138,26,141,125,238
2022-10-04,102,121,67,140,26,145,131,246
2022-10-05,102,120,67,138,26,145,132,246
2022-10-06,102,120,67,139,26,144,131,244
2022-10-07,99,114,58,133,24,139,120,231
2022-10-10,98,113,57,133,24,139,116,227
2022-10-11,98,112,57,128,24,138,115,223
2022-10-12,98,112,57,127,24,137,114,223
2022-10-13,99,112,58,130,25,142,119,231
2022-10-14,97,106,55,126,25,137,112,226
2022-10-17,100,113,57,134,25,141,118,235
2022-10-18,101,116,57,132,25,142,119,236
2022-10-19,100,115,57,133,25,143,120,234
2022-10-20,100,115,57,131,25,142,121,233
2022-10-21,101,119,58,130,26,146,124,239
2022-10-24,102,119,58,129,26,148,125,244
2022-10-25,104,120,61,137,26,151,132,248
2022-10-26,94,115,59,129,26,148,128,229
2022-10-27,92,110,58,97,25,143,131,224
2022-10-28,96,103,62,99,28,154,138,233
2022-10-31,94,102,60,93,27,152,134,229
2022-11-01,90,96,59,95,27,149,135,225
2022-11-02,87,92,58,90,26,144,132,217
2022-11-03,83,89,60,88,26,138,134,212
2022-11-04,86,90,62,90,27,137,141,219
2022-11-07,88,90,63,96,27,138,142,225
2022-11-08,88,89,63,96,27,138,145,226
2022-11-09,87,86,59,101,26,134,137,222
2022-11-10,94,96,68,111,29,146,157,240
2022-11-11,96,100,72,113,29,149,163,244
2022-11-14,96,98,73,114,29,147,162,239
2022-11-15,98,98,76,117,30,149,166,239
2022-11-16,98,97,72,113,28,148,159,240
2022-11-17,98,94,73,111,29,150,156,240
2022-11-18,97,94,73,112,29,150,153,239
2022-11-21,95,92,72,109,28,147,153,240
2022-11-22,97,93,75,111,29,149,160,243
2022-11-23,98,94,76,112,29,150,165,245
2022-11-25,97,93,75,111,28,147,162,245
2022-11-28,96,93,73,108,28,143,158,240
2022-11-29,95,92,73,109,28,140,156,238
2022-11-30,101,96,77,118,29,147,169,253
2022-12-01,101,95,77,120,29,147,171,252
2022-12-02,100,94,74,123,28,147,168,253
2022-12-05,99,91,73,122,28,146,166,248
2022-12-06,97,88,70,114,28,142,159,243
2022-12-07,95,88,70,113,27,140,161,242
2022-12-08,93,90,70,115,27,142,171,245
2022-12-09,93,89,68,115,27,141,169,243
2022-12-12,93,90,70,114,28,143,175,250
2022-12-13,95,92,71,120,28,144,180,255
2022-12-14,95,91,68,121,27,142,176,255
2022-12-15,91,88,66,116,26,135,169,247
2022-12-16,90,87,65,119,26,133,165,243
2022-12-19,89,84,64,114,26,131,162,238
2022-12-20,89,85,65,117,25,131,160,240
2022-12-21,90,86,67,119,26,134,164,242
2022-12-22,88,83,63,117,25,131,153,236
2022-12-23,89,85,64,118,25,131,152,237
2022-12-27,87,83,63,116,25,129,141,235
2022-12-28,86,81,62,115,25,125,140,232
2022-12-29,88,84,64,120,25,129,145,239
2022-12-30,88,84,64,120,25,129,146,238
2023-01-03,89,85,64,124,26,124,143,237
2023-01-04,88,85,64,127,27,125,147,227
2023-01-05,86,83,62,126,27,124,142,220
2023-01-06,88,86,63,130,28,129,148,223
2023-01-09,88,87,67,129,28,129,156,225
2023-01-10,89,89,68,132,28,130,159,227
2023-01-11,92,95,69,132,29,132,159,234
2023-01-12,91,95,70,136,29,132,165,236
2023-01-13,92,98,71,136,29,134,168,237
2023-01-17,92,96,71,135,29,135,176,238
2023-01-18,91,95,70,133,28,134,173,234
2023-01-19,93,93,67,136,27,134,167,230
2023-01-20,99,97,70,139,28,137,178,238
2023-01-23,101,97,76,143,29,140,191,240
2023-01-24,99,96,74,143,29,141,192,240
2023-01-25,96,97,74,141,29,141,193,238
2023-01-26,99,99,75,147,29,143,197,246
2023-01-27,100,102,75,151,27,145,203,246
2023-01-30,97,100,72,147,27,142,191,241
2023-01-31,99,103,75,148,27,143,195,246
2023-02-01,101,105,84,153,28,144,209,251
2023-02-02,108,112,88,188,29,150,217,262
2023-02-03,105,103,86,186,29,153,210,256
2023-02-06,103,102,83,186,28,151,210,255
2023-02-07,108,102,85,191,28,153,221,265
2023-02-08,100,100,84,183,28,151,221,264
2023-02-09,95,98,83,177,27,150,223,261
2023-02-10,94,97,81,174,27,150,212,261
2023-02-13,95,99,83,179,28,153,217,269
2023-02-14,94,99,85,179,28,152,229,270
2023-02-15,97,101,85,177,28,154,227,268
2023-02-16,95,98,80,172,27,153,219,261
2023-02-17,94,97,78,172,27,152,213,256
2023-02-21,92,94,76,172,25,148,206,251
2023-02-22,91,95,76,171,25,148,207,250
2023-02-23,91,95,79,172,25,148,236,253
2023-02-24,89,93,78,170,24,146,232,248
2023-02-27,90,93,78,169,24,147,234,249
2023-02-28,90,94,78,174,24,147,232,248
2023-03-01,90,92,78,173,25,144,226,245
2023-03-02,92,92,80,174,25,145,233,250
2023-03-03,94,94,81,185,26,150,238,254
2023-03-06,95,93,81,184,25,153,235,255
2023-03-07,94,93,82,184,25,151,232,253
2023-03-08,94,93,85,184,25,152,241,252
2023-03-09,92,92,84,181,26,150,234,251
2023-03-10,91,90,82,179,27,148,229,247
2023-03-13,91,92,82,180,26,150,229,252
2023-03-14,94,94,87,194,27,152,240,259
2023-03-15,96,96,89,197,28,152,242,264
2023-03-16,101,100,96,204,29,155,255,275
2023-03-17,102,98,97,195,29,154,257,278
2023-03-20,101,97,96,197,28,156,258,271
2023-03-21,105,100,95,202,28,158,261,272
2023-03-22,104,98,97,199,27,157,264,271
2023-03-23,106,98,100,204,28,158,271,276
2023-03-24,106,98,97,206,29,159,267,279
2023-03-27,103,98,96,202,28,157,265,275
2023-03-28,101,97,94,200,29,157,264,274
2023-03-29,101,100,96,205,31,160,269,279
2023-03-30,101,102,97,207,31,161,273,282
2023-03-31,104,103,98,211,32,164,277,287
2023-04-03,104,102,96,213,32,165,279,285
2023-04-04,105,103,95,214,32,165,274,285
2023-04-05,104,101,92,211,32,163,268,283
2023-04-06,108,102,92,216,32,164,270,290
2023-04-10,106,102,95,214,32,161,275,288
2023-04-11,106,99,94,213,32,160,271,281
2023-04-12,105,97,92,214,31,159,264,282
2023-04-13,108,102,92,220,31,165,264,288
2023-04-14,109,102,91,221,31,164,267,284
2023-04-17,106,102,89,218,31,164,269,287
2023-04-18,105,102,89,217,31,166,276,287
2023-04-19,105,104,89,215,30,167,279,287
2023-04-20,105,103,90,213,30,166,270,284
2023-04-21,105,106,88,212,30,164,271,284
2023-04-24,106,106,87,212,29,164,270,280
2023-04-25,104,102,83,207,28,163,262,274
2023-04-26,104,104,85,209,28,163,269,294
2023-04-27,108,109,87,238,29,167,272,303
2023-04-28,108,105,89,240,30,169,277,305
2023-05-01,107,102,89,243,30,169,289,304
2023-05-02,105,103,89,239,29,168,282,304
2023-05-03,106,103,81,237,30,166,277,303
2023-05-04,105,104,86,233,31,165,275,304
2023-05-05,106,105,89,232,30,173,286,309
2023-05-08,108,105,95,233,30,173,291,307
2023-05-09,107,106,95,233,29,171,285,305
2023-05-10,112,110,97,233,29,173,288,310
2023-05-11,116,112,97,235,28,173,285,308
2023-05-12,117,110,95,233,28,172,283,307
2023-05-15,116,111,97,238,29,171,289,308
2023-05-16,120,113,101,238,29,171,292,310
2023-05-17,121,115,103,242,28,172,301,313
2023-05-18,123,118,107,246,29,174,316,317
2023-05-19,123,116,105,245,29,174,312,317
2023-05-22,125,115,108,248,30,173,311,320
2023-05-23,123,114,108,246,29,171,306,314
2023-05-24,121,116,108,249,28,171,305,313
2023-05-25,124,115,120,252,27,172,379,325
2023-05-26,125,120,127,262,28,175,389,332
2023-05-30,124,121,125,262,29,177,401,330
2023-05-31,123,120,118,264,31,177,378,327
2023-06-01,124,122,119,272,31,179,397,331
2023-06-02,125,124,117,272,31,180,393,334
2023-06-05,126,125,117,271,29,179,391,335
2023-06-06,127,126,124,271,30,178,386,332
2023-06-07,122,121,117,263,31,177,374,322
2023-06-08,122,124,121,264,31,180,385,324
2023-06-09,122,123,124,264,31,180,387,326
2023-06-12,124,126,129,271,32,183,394,331
2023-06-13,124,126,124,271,33,183,410,333
2023-06-14,124,126,127,273,35,183,429,336
2023-06-15,125,127,124,281,35,185,426,347
2023-06-16,124,125,120,281,36,184,426,341
2023-06-20,123,125,118,284,34,184,438,337
2023-06-21,121,124,112,281,32,183,430,332
2023-06-22,123,130,110,284,32,186,430,338
2023-06-23,123,129,110,288,32,186,422,334
2023-06-26,119,127,107,278,33,185,406,327
2023-06-27,119,129,110,287,33,187,418,333
2023-06-28,121,129,110,285,33,188,411,335
2023-06-29,120,127,111,281,32,189,408,334
2023-06-30,120,130,113,286,33,193,422,339
2023-07-03,120,130,115,286,33,192,424,337
2023-07-05,122,130,113,294,32,191,423,337
2023-07-06,120,128,113,291,31,191,420,340
2023-07-07,120,129,113,290,31,190,424,336
2023-07-10,116,127,113,294,32,188,421,331
2023-07-11,117,128,111,298,33,187,424,331
2023-07-12,119,130,114,309,33,189,438,336
2023-07-13,124,134,115,313,33,190,459,341
2023-07-14,125,134,115,308,33,190,454,344
2023-07-17,125,133,118,310,34,193,464,344
2023-07-18,124,132,117,312,34,193,474,358
2023-07-19,122,135,116,316,34,194,470,354
2023-07-20,119,129,110,302,33,192,455,346
2023-07-21,120,130,110,294,33,191,443,343
2023-07-24,121,128,110,291,33,192,446,344
2023-07-25,122,129,113,294,33,193,456,350
2023-07-26,129,128,110,298,34,194,454,337
2023-07-27,129,128,111,311,34,192,458,330
2023-07-28,133,132,112,325,36,195,467,337
2023-07-31,133,133,114,318,35,196,467,335
2023-08-01,131,131,117,322,35,195,465,335
2023-08-02,128,128,109,314,34,192,442,326
2023-08-03,128,128,113,313,34,190,445,325
2023-08-04,128,139,115,310,35,181,446,327
2023-08-07,131,142,116,316,35,178,454,329
2023-08-08,131,139,113,312,35,179,446,325
2023-08-09,130,137,110,305,34,177,425,321
2023-08-10,130,138,110,305,34,177,423,322
2023-08-11,130,138,107,301,34,177,408,320
2023-08-14,131,140,111,306,35,179,437,323
2023-08-15,130,137,111,301,34,177,439,321
2023-08-16,129,135,107,294,33,176,434,320
2023-08-17,130,133,104,285,32,174,433,316
2023-08-18,128,133,105,283,32,174,432,316
2023-08-21,128,134,108,289,33,175,469,321
2023-08-22,129,134,105,287,32,177,456,322
2023-08-23,133,135,109,294,33,181,471,327
2023-08-24,130,131,101,286,32,176,471,319
2023-08-25,130,133,102,285,33,178,460,322
2023-08-28,131,133,102,290,33,180,468,323
2023-08-29,135,134,105,297,34,184,487,328
2023-08-30,136,135,106,295,34,187,492,328
2023-08-31,137,138,105,295,35,187,493,327
2023-09-01,136,138,109,296,36,189,485,328
2023-09-05,136,137,110,300,36,189,485,333
2023-09-06,135,135,109,299,36,182,470,332
2023-09-07,136,137,106,298,38,177,462,329
2023-09-08,137,138,106,297,38,178,455,334
2023-09-11,137,143,105,307,38,179,451,337
2023-09-12,136,141,105,301,38,176,448,331
2023-09-13,137,144,107,305,38,174,454,336
2023-09-14,138,144,106,311,38,175,455,338
2023-09-15,138,140,101,300,37,175,439,330
2023-09-18,138,139,102,302,37,177,439,329
2023-09-19,138,137,101,305,36,179,435,328
2023-09-20,134,135,100,299,34,175,422,320
2023-09-21,131,129,96,295,34,173,410,319
2023-09-22,131,129,96,299,34,174,416,317
2023-09-25,132,131,97,300,34,176,422,317
2023-09-26,129,125,95,298,33,171,419,312
2023-09-27,131,125,98,297,34,170,424,312
2023-09-28,133,125,102,303,35,170,430,313
2023-09-29,131,127,102,300,35,171,434,315
2023-10-02,135,129,103,306,35,173,447,321
2023-10-03,133,124,100,300,35,172,435,313
2023-10-04,136,127,104,305,35,173,440,318
2023-10-05,135,125,102,304,35,174,446,319
2023-10-06,138,127,107,315,36,177,457,327
2023-10-09,139,128,106,318,36,178,452,329
2023-10-10,139,129,109,321,36,178,457,328
2023-10-11,141,131,108,327,36,179,468,332
2023-10-12,140,132,108,324,36,180,469,331
2023-10-13,138,129,105,314,35,178,454,327
2023-10-16,140,132,106,321,36,178,460,332
2023-10-17,140,131,105,324,36,177,439,332
2023-10-18,139,128,102,316,35,175,421,330
2023-10-19,138,128,102,312,35,175,421,331
2023-10-20,136,125,101,308,34,172,413,326
